{
    "name":"青铜钻头",
    "type": "Drill",
    "description":"强化了挖矿速度，一定挖掘强度，可以进行一些简单的挖矿作业",
    "size": 2,
    "health": 160,
    "tier": 2,//挖掘等级
    "drillTime": 280,//挖掘间隔
    "liquidBoostIntensity":1.5,//加速倍率
    "warmupSpeed": 0.02,
	"drillEffect": "mineBig",
    "updateEffect": "mineBig",
    "rotateSpeed": 2,
    "drawMineItem": true,
    "consumes": {
        "liquid": {
            "liquid": "water",
            "amount": 0.1,
            "booster": true,
            "optional": true
        }
    },
    "itemCapacity": 40,//物品容量
    "liquidCapacity": 20,//液体容量
    "requirements": [	
   { "item": "青铜矿石", "amount":50},
   ],
    "category": "production",
    "research": "先驱者核心"
            "researchCostMultiplier": 0.1,  // 研究成本乘数：0.45（研究该设施的成本为正常成本的45%）
            "canOverdrive": false,
}
