{
    "type": "UnitFactory",  // 类型：单位制造厂
    "name": "独影制造厂",  // 名称：独影制造厂
    "description": "赛普拉仿制科技\n[purple]记得把电插上一个屑爬重说的",//介绍
    "size": 3,  // 尺寸：3（可能表示占地面积或其他属性）
    "health": 260,  // 生命值：260
    "configurable": false,  // 是否可配置：否（表示玩家无法调整其内部设置）
    "consumes": {  // 消耗资源
        "power": 1  // 消耗电力：0（每单位时间不消耗电力）
    },
    "requirements": [  // 建造需求
        "青铜矿石/80",  // 需要碳化钢5
    ],
    "research": {  // 研究解锁条件
        "parent": "青铜陆军生成厂",
        "requirements": [  // 研究需求
            "青铜矿石/150"  // 需要碳化钢50
            ]
    },
    "category": "units",  // 分类：单位（表示该设施用于制造单位）
    "researchCostMultiplier": 0.45,  // 研究成本乘数：0.45（研究该设施的成本为正常成本的45%）
    "plans": [  // 制造计划
        {
            "unit": "mono",  // 单位名称：mono（可能是某种单位）
            "time": 60,  // 制造时间：60（单位时间，可能是秒或游戏回合）
            "requirements": [  // 制造需求
                "劣质硅/10",  // 需要硅 1
            ]
        }
    ]
}
