{
"name": "强化战役-再临［SCR］",
"author": "24岁是个鼠标",
"description": "继强化战役的下一代模组\n模组群：927366409\n特别感谢：?和爬爬跟鱼\n故事线：这是来自另一个比赛普罗科技水平更高的星球\n原住民成称它为赛普拉\n赛普拉第1000年赛普拉即将承载不住赛普拉人的开采，濒临崩溃\n赛普拉的高层想起了在古老的废弃遗迹里发现了与赛普罗互通的行星折跃门\n安排了01先遣队从折跃门中穿越到了赛普罗星的偏远前哨站\n但是由于技术不够成熟先遣队进去之后就与母星失联了.......总之先把这个前哨站占领下来吧\n\n\n\n当先遣抬头仰望他们的家乡...他们惊恐的发现曾经繁华的赛普拉已经不复存在\n\n\n\n\n\n\n\n\n敢盗贴图让你飞起来\n我会盯着你",
"version": "0.0.8",
"displayName": "强化战役-再临",
"minGameVersion": 150,
}
