{
	"type": "items",
	"name": "烟煤",
	"description": "煤是一种由古代植物遗体经过复杂的生物化学和地质作用形成的固体可燃有机岩，是重要的能源和化工原料形成过程：在远古时期，大量植物死亡后堆积在沼泽等环境中，经过泥炭化作用形成泥炭。随后，泥炭被埋藏在地层中，在温度、压力等地质条件作用下，经过煤化作用逐渐转化为褐煤、烟煤和无烟煤按煤化程度分类：可分为泥炭、褐煤、烟煤和无烟煤。泥炭是煤化程度最低的煤，呈褐色或暗褐色，质地疏松，含碳量低。褐煤煤化程度较低，颜色多为棕褐色，含有较多水分和挥发分。烟煤煤化程度较高，颜色从黑色到黑褐色，有一定光泽，挥发分适中，具有良好的燃烧性能和炼焦性能。无烟煤是煤化程度最高的煤，颜色为黑色，有金属光泽，含碳量高，挥发分低，燃烧时火焰短而少烟按用途分类：可分为动力煤、炼焦煤和化工用煤等。动力煤主要用于发电、供热等，对煤的发热量等指标要求较高。炼焦煤是用于炼焦的煤种，需要具有良好的粘结性和结焦性，以生产出高质量的焦炭用于钢铁冶炼等行业。化工用煤则用于煤炭气化、液化等化工过程，对煤的化学反应活性等性质有特定要求性质物理性质：颜色多样，从浅棕色到黑色不等；具有不同程度的光泽，如沥青光泽、玻璃光泽等；密度一般在1.2-1.8g/cm³之间；硬度随煤化程度的加深而增大化学性质：主要由碳、氢、氧、氮、硫等元素组成，其中碳是主要成分，含量随煤化程度升高而增加。煤在空气中容易氧化，尤其是在高温、潮湿环境下，会降低煤的质量和发热量用途能源领域：是重要的能源来源，用于火力发电、工业锅炉燃烧、居民取暖等。通过燃烧产生热能，进而转化为电能或其他形式的能量冶金领域：炼焦煤经过高温干馏可得到焦炭，焦炭是钢铁冶炼过程中不可或缺的燃料和还原剂，用于高炉炼铁等工艺化工领域：可通过煤气化、液化等技术生产合成气、甲醇、烯烃等多种化工产品，是煤化工产业的重要原料环境影响燃烧污染：煤燃烧会产生大量的二氧化硫、氮氧化物、颗粒物等污染物，是造成酸雨、雾霾等环境问题的重要原因之一开采破坏：煤炭开采过程中会对土地、水资源等造成破坏，导致地表塌陷、水土流失、水资源污染等问题为了减少煤对环境的影响，人们不断研发和推广清洁煤技术，如煤炭洗选、高效燃烧、污染物控制等，以实现煤炭的清洁高效利用",
	"details": "赛普罗的煤矿，不过由于年代久远，快要变化成钻石",
	"color": "292929FF",
	"cost": 1,
	"hardness": 0,
	"explosiveness": 0,
	"radioactivity": 0,
	"charge": 0.5,
	"flammability": 0,
		"research":"先驱者核心"
	}