
{
    // 设备名称，这里为供给器
    "name": "供给器",
    // 一句带有调侃意味的描述，可能暗示该路由器相关的某种特性或优势很令人信服
    "description": "赛普拉人仿制的运输模块\n路由器邪教诚不欺我",
    // 设备类型，表明这是一个路由器类的设备
    "type": "Router",
    // 设备的生命值，当前为320
    "health": 320,
    // 设备的尺寸大小，这里为2
    "size": 2,
    // 布尔值，表示该设备是否可以存放物品，这里为true，即可以存放物品
    "hasItems": true,
    // 设备存放物品的最大容量，这里为30
    "itemCapacity": 15,
    // 制造该设备所需的材料及对应数量的列表
    "requirements": [
        // 需要30个铜
        { "item": "青铜矿石", "amount": 10 },
        // 需要20个铅
        ]
    // 设备所属的类别，这里为分配类
    "category": "distribution",
    // 该设备关联的研究项目，这里为duo
    "research": "铜轨道"
}