
{
    "type": "BufferedItemBridge",  // 物品类型：缓冲式物品桥（具备临时存储功能的物品传输模块）
    "name": "铜带桥",  // 物品名称：游戏内显示的中文名称，表明核心材质为钛
    "description": "更长的运输距离\n赛普拉仿制科技",  // 功能描述：该物品桥的核心优势，相比基础款可传输更远距离
    "health": 90,  // 生命值：建筑的耐久度，承受90点伤害后会被摧毁
    "range": 2,  // 传输距离：可跨越8个单位格的距离传输物品
    "speed": 0.2,  // 传输速度：每秒可完成0.4次物品传输（数值越高，传输效率越快）
    "bufferCapacity": 20,  // 缓冲容量：内部可临时存储10个单位的物品，避免传输中断
    "requirements": [  // 建造所需材料：生产该物品桥需消耗的资源列表
        { "item": "青铜矿石", "amount": 12 },  // - 铜：4个
    ],
    "category": "distribution",  // 功能分类：归属于“物流运输”类建筑，方便在建造菜单中查找
    "research": "铜轨道"  // 解锁条件：需先完成“桥式传送带”科技研究，才能解锁该物品的建造权限
}